idpersona,tipo_persona,nombre,tipo_documento,num_documento,direccion,telefono,email
1,Natural,Sarah Little,DNI,5094558868,"6653 Williams Ridges Apt. 363 East Stephanietown, NY 68974",+502 6208 7689,griffinjared@garcia.com
2,Jurídica,Riley Sawyer,RUC,6294099776,"19116 Hale Parks Lake Carl, VA 72820",+502 6160 9808,aliciadudley@lopez.org
3,Jurídica,Kimberly Hamilton,DNI,0754055998,"0747 Evans Shoals Suite 029 East Joseph, WI 73168",+502 6733 6206,phillipskathryn@hotmail.com
4,Natural,Leon Hernandez,DNI,8797802153,"19049 Katherine Passage North Johnside, CO 95119",+502 6880 2601,shortmichael@gmail.com
5,Natural,Jose Sullivan,RUC,1691304141,"2730 Vincent River Apt. 900 South Louistown, IN 09280",+502 6216 2838,blake67@hotmail.com
6,Jurídica,Joshua Thomas,DNI,1760528699,"7357 Macias Plaza Tonyton, CO 39995",+502 6764 8062,xmata@christensen-green.net
7,Natural,Joseph Sanford,DNI,4100539614,"945 Sharp Overpass Hallchester, MN 59160",+502 6119 1320,treed@lang.info
8,Jurídica,Travis Cole,RUC,3184173009,"3521 Joseph Manors Suite 367 Lake Samueltown, AZ 45939",+502 6108 4154,mellis@hess-fisher.com
9,Jurídica,Robert Walters,DNI,1700522095,"80066 Cooper Ranch South Richardbury, NJ 90568",+502 6602 5562,matthew40@cline.net
10,Jurídica,Anita Moyer,RUC,2813487379,"0390 Stacy Cove North Matthew, ND 42621",+502 6261 4347,smithvanessa@gmail.com
11,Jurídica,Lori Norton,DNI,9185378063,"83977 Howe Harbor West Michelleside, SD 50557",+502 6511 7731,omcdowell@hotmail.com
12,Jurídica,Michael Rose,RUC,7128719032,"3137 Tammy Falls Suite 982 Jamesside, SC 23793",+502 6727 8605,robertmartinez@allen.com
13,Jurídica,Desiree Rhodes,DNI,2820933050,"Unit 7987 Box 0401 DPO AP 99494",+502 6348 9748,christian68@white.net
14,Jurídica,Mark Bowman,RUC,4713163266,"40075 Sean Cliff Apt. 792 Hudsonberg, LA 92074",+502 6927 7632,kelly44@gmail.com
15,Jurídica,Christine Jones,DNI,1824003093,"80780 Hogan Parks Apt. 282 Lake Josephburgh, LA 37166",+502 6556 8315,richarddiaz@hotmail.com
16,Natural,Colleen Mays,RUC,8213326450,"163 Henderson Cape Suite 973 Lake Jessicafurt, RI 37243",+502 6860 4765,jennifer48@brown.net
17,Jurídica,Lee Arnold DDS,RUC,1682226313,"168 Michael Shore Suite 647 Ochoaland, KY 01694",+502 6034 5002,david33@gmail.com
18,Natural,Casey Bennett,RUC,1523271857,"3113 Reed Terrace South Anthonyborough, WY 98934",+502 6383 3482,melissa74@yahoo.com
19,Jurídica,Carla Nielsen,DNI,0100993955,"279 Vargas Alley Apt. 224 New Kevinport, CT 95312",+502 6752 9128,huangbrittney@franklin-walker.info
20,Jurídica,Martin Wilcox,RUC,2360410396,"039 Owen Stravenue Suite 882 Vanessashire, FL 11978",+502 6136 3339,christopher98@hotmail.com
21,Natural,Devin Anderson,DNI,3979450279,"07688 Nicole Underpass Jamesfort, MN 36755",+502 6186 5952,grogers@benson.org
22,Jurídica,Karen Mack,DNI,4881322163,"66256 Andrea Fort Apt. 048 Jamesberg, IA 05777",+502 6208 4544,simmonsjeffrey@yahoo.com
23,Natural,Alexander Mccann,DNI,9624601525,"3510 John Village Burgessborough, CT 80895",+502 6683 6759,montoyajeffrey@morris-kim.com
24,Natural,Timothy Cabrera,DNI,2721599427,"45048 Lee Glen Apt. 258 Mirandabury, ND 56834",+502 6075 5691,grimessue@price.com
25,Jurídica,Zachary Jenkins,DNI,6234334240,"99711 Hunt Vista West Johnburgh, MO 23877",+502 6200 1985,mendozawayne@yahoo.com
26,Jurídica,"Young, White and Johnson",DNI,2996198711,"USCGC Frost FPO AP 89715",+502 6588 5384,emyers@gmail.com
27,Jurídica,"Hicks, West and Collins",RUC,0376222397,"2730 Ana Gateway Lisamouth, WA 34517",+502 6782 1554,pauljackson@burnett-maynard.com
28,Jurídica,Terrell PLC,DNI,6942679361,"1303 Robert Courts Comptonfort, WV 27919",+502 6571 6763,cindy30@gmail.com
29,Natural,"Pierce, Tapia and Johnson",RUC,3980793308,"482 Kayla Corners Troyhaven, OK 55903",+502 6321 8345,kwheeler@gmail.com
30,Jurídica,Williams-Green,DNI,7087027942,"28884 Tyler Stream Dylanstad, OR 77716",+502 6992 4468,ogarcia@beard-rose.biz
31,Natural,Fox PLC,RUC,9663822212,"539 Craig Wells Apt. 442 Spencerchester, AL 71882",+502 6438 3471,stephanie79@cook.com
32,Jurídica,"George, Martin and Mitchell",RUC,1764531240,"7012 Lori Lane Kristenchester, NJ 27892",+502 6122 6630,pcastillo@yahoo.com
33,Jurídica,Beck Group,RUC,1665674418,"163 Webster Path Davilaport, TN 48424",+502 6942 5590,lopezsharon@howard-day.net
34,Jurídica,Shelton LLC,RUC,8366426729,"935 Russo Court Apt. 158 North Joy, AZ 88412",+502 6924 9720,mckenziemichael@hotmail.com
35,Jurídica,"Huynh, Escobar and Miranda",RUC,0243466545,"90103 Michael Burg Suite 567 Lake Jessica, NC 91861",+502 6475 7277,xgreen@white.com
36,Jurídica,Thompson LLC,DNI,5614325260,"7725 Christina Plain Apt. 836 Maddenberg, OK 61032",+502 6011 1262,matthew90@gmail.com
37,Natural,Zamora-Schultz,DNI,6774133363,"792 Anna Landing South Shelby, NY 74002",+502 6517 2899,iheath@yahoo.com
38,Natural,Ortiz-Black,RUC,3162987044,"125 Nelson Knolls New Brian, WV 68651",+502 6346 1481,samanthagreen@thompson.org
39,Jurídica,Norris-Lee,RUC,3197292594,"0533 Lara Trail Watersmouth, TN 66556",+502 6477 8872,ghenry@martin-yu.com
40,Jurídica,Koch Group,DNI,3044609886,"66555 Bruce Vista South James, IL 11254",+502 6905 2864,matthew24@diaz.net
41,Jurídica,Rubio-Williams,RUC,4079470886,"759 Glenn Walks Apt. 341 Amyville, WY 29238",+502 6591 9486,amber44@smith.com
42,Jurídica,Lee PLC,DNI,1704084468,"973 Isaiah Walk Port Christopherberg, NJ 54681",+502 6069 7178,perrykirk@gmail.com
43,Natural,"Newton, Owens and Stuart",DNI,2082744685,"1980 Sydney Ville Ericchester, UT 41590",+502 6405 6364,tcaldwell@yahoo.com
44,Natural,Nelson-Trujillo,DNI,9744875864,"392 Jones Viaduct Apt. 652 East Brittany, OK 90912",+502 6844 1561,alicia55@cochran-cervantes.com
45,Jurídica,Buck Ltd,DNI,0064452807,"7768 Taylor Burg Apt. 432 Ortiztown, RI 21470",+502 6726 3450,kimeric@gmail.com
46,Jurídica,"Lopez, Robinson and Smith",DNI,3764346476,"764 Katherine Plains Suite 232 Kevinmouth, VA 31419",+502 6650 5443,dustinmorrison@hotmail.com
47,Jurídica,"Smith, Hale and Howard",DNI,5065628917,"2753 Madeline Forge Apt. 084 Carterfort, UT 04316",+502 6255 4555,oramirez@hotmail.com
48,Jurídica,"Brown, Bowers and Tran",RUC,9130968532,"47561 Ramirez Forks Apt. 364 Joelton, PA 70550",+502 6855 5568,watsoncindy@hotmail.com
49,Jurídica,Clark-Gonzales,DNI,3503751884,"398 Vanessa Underpass South Richard, SC 66363",+502 6915 9278,patrick72@benson-wright.com
50,Natural,Schwartz and Sons,DNI,0233102662,"19993 Eric Extension New Marc, CO 25845",+502 6732 2232,richardbowers@butler.com
