idusuario,idrol,nombre,tipo_documento,num_documento,direccion,telefono,email,clave,estado
1,1,Steven Myers,PAS,88604995,"51327 Ramirez IslandsHollowayport, KS 87700",+502 5082 6571,pricecrystal@gmail.com,$g5W8I7h%cUz,true
2,4,Darren Phelps,PAS,14293769,"34305 Vega Junction Jeremyburgh, AZ 32844",+502 3152 2884,daniel73@gmail.com,*87rQ&l@Bt2z,true
3,4,Lisa Walker,DNI,79275202,"38323 Poole Isle Apt. 496 Blackburnshire, SC 03130",+502 5440 6174,mahoneymatthew@leonard.net,3C8Zeef3#^0c,true
4,3,Kathryn Brown,DNI,66854544,"08148 Robert Lodge Suite 112 Morenoton, MO 68236",+502 5262 3162,ahoffman@yahoo.com,FknfPbJed+F3,true
5,1,Ryan Barton,PAS,96713205,"09778 Morgan Club Apt. 651 North Bryan, UT 89281",+502 4078 4623,kpeterson@thompson.com,+jl4!Q^NC3EJ,true
6,3,Brian Chavez,DNI,98758759,"49695 Mercedes Port Danielleshire, CA 51839",+502 4321 3392,mariothomas@yahoo.com,z3#c4cbu_FPD,true
7,3,Yvonne Parker,CE,93963576,"7879 King Pines Suite 287 Smithland, NE 23480",+502 3319 9621,sarah44@yahoo.com,!B7hyyrjd%A&,true
8,4,Bonnie Reid,DNI,78710680,"442 Hunt Plain Andrewsstad, RI 11802",+502 3441 7286,amber48@gmail.com,W_@UzSpL)w7#,true
9,2,Gabriel Lopez,DNI,82500323,"46274 Clayton Extension New Latashaview, OR 80518",+502 5772 8701,ndoyle@yahoo.com,sj5Hn(oQ!A)6,true
10,2,Jack Francis,PAS,97940699,"858 Shannon PlazaMillsside, NY 74478",+502 3014 5890,jordanbowman@gmail.com,iJ1vTAbRM)eI,true
11,2,Brian Allen,DNI,16460844,"03367 Daniel Mount Sarahaven, AR 40526",+502 4435 4704,brandifrye@yahoo.com,^7Iepgg6&k@J,true
12,1,Hannah King,DNI,20821059,"USNV Atkinson FPO AE 29792",+502 5634 9582,yvilla@gmail.com,!*UUzEX27x_L,true
13,5,Joe Sanchez,DNI,43837240,"06033 Jessica Court Suite 839 Ortizside, DC 72566",+502 5964 5433,joyceamanda@yahoo.com,4vO^9HMIeAFZ,true
14,5,Lindsey Smith,PAS,85996770,"97683 Robert Manor North Lauren, NH 02825",+502 4784 6520,shaunthompson@hotmail.com,!r9+WRe9leRf,true
15,1,Dr. Kevin Kelly,CE,05206212,"98245 Melendez Corner Suite 539 South Jesseburgh, IN 26115",+502 4840 8952,sergioburke@hurley-walton.com,+578FdyhY)nX,true
16,1,William Rodriguez,DNI,14578833,"6351 Roy Village Lake Kelliview, NE 77238",+502 5126 2322,sarahyoung@evans.com,%0KwHa$h1m9d,true
17,3,Timothy Brown,DNI,38036210,"2578 Turner Highway Suite 065 West Katie, CT 15460",+502 5915 5406,morenomary@reynolds.net,^pQo4tCs$3&T,true
18,5,William Tyler,PAS,34571790,"375 Michelle Prairie Lake Elizabeth, MO 15120",+502 5599 1161,angelaacevedo@hotmail.com,(5ctt&u@HtEN,true
19,4,John Lee,DNI,72867083,"90631 Shepard Knolls South Nicole, CT 40816",+502 3203 6006,tamara96@riley.com,+27rRVup^&g3,true
20,1,Lauren Turner,DNI,56265194,"48901 Johnson UnderpassNew Jennifer, CO 52733",+502 3513 8312,jclark@yahoo.com,5z9DbyVKM&lv,true
21,2,Lisa Garcia,CE,28510681,"7009 Martinez Village Apt. 758 Martinborough, CO 50487",+502 4445 2875,patelanthony@gmail.com,19*BxQjH$O8m,true
22,3,Adriana Stevenson,CE,05692438,"41630 Mitchell Divide Matthewport, MD 93958",+502 3766 6474,glong@conner.info,3(DLljBqO51#,true
23,3,Mrs. Melissa Williams,CE,38828364,"481 Hardin Wells Apt. 142 Hoodville, MN 79366",+502 4502 6483,alyssa78@zimmerman.com,$P@00W*i@NJy,true
24,2,Joshua Ramsey,PAS,00582527,"333 Solis Wall Suite 634 Whiteheadberg, NH 41921",+502 3871 8646,ythompson@johnson.com,P$p2!RAeUtNY,true
25,4,Anne Dunn,CE,65457061,"82166 Darlene Station Apt. 012 Leeberg, ME 28666",+502 4056 1127,larry02@yahoo.com,EoU!OpNaOtc1,true
26,5,Paula Warren,PAS,66860819,"40950 Williams Estates North Stevenside, ME 70526",+502 5680 1952,lawrenceashley@hotmail.com,_vqI6Foa4JW3,true
27,4,Amanda Anderson,DNI,07676511,"557 Williams Island Castroburgh, CT 33360",+502 3391 7010,haynesjeffrey@maxwell-smith.biz,OF6QvwCE&u_4,true
28,4,Todd Knight,PAS,81722221,"64010 Fernandez Rest New Victoria, DE 79247",+502 4784 4500,nsmith@cooley.info,Tp8KnOk3Y)x7,true
29,4,Shirley Pena,CE,66209892,"1731 Lance Cliffs Apt. 946 North Cody, NC 05353",+502 3057 9315,nealtracy@hotmail.com,L!dSUH2q4&13,true
30,2,David Richard,DNI,58672210,"1723 Allen Falls Apt. 298 East Brandon, OR 56361",+502 4957 1830,tarathomas@smith.info,Aux3CGLuO)q0,true
31,2,Daniel Miller,CE,84352821,"74910 Elliott Junction Apt. 142 New Robinport, WV 81757",+502 4752 3916,conwayian@harvey.org,j%s75p#cqRGe,true
32,3,Lisa Guerra,CE,29360876,"30560 Brown Station Suite 295 Gonzalezfort, MS 20027",+502 3484 3227,samantha05@hotmail.com,p_g$yOwhHLM0,true
33,4,Emily Smith,CE,54638055,"306 Amber Ramp Rowemouth, MD 45236",+502 5666 5011,wayneaguilar@parsons.com,&ylVw%2vz6O^,true
34,3,Michael Campos,PAS,13394414,"49374 Allen Causeway Richardview, WV 68217",+502 5064 9701,millermark@gmail.com,O4_FrFcdRz3$,true
35,4,Mark Ferguson DDS,PAS,56867488,"PSC 4588, Box 0987 APO AP 18012",+502 3341 3280,pooledana@torres.org,w%9q4(yP(5KA,true
36,5,Richard Garcia,CE,13596706,"9301 Moore Keys Apt. 281 Dannyport, NE 30495",+502 5798 4594,ghernandez@yahoo.com,MuedTL21^012,true
37,2,Dawn Smith,CE,99375398,"219 Roberts Extension Lake Matthew, MD 09561",+502 4033 5225,xharris@yahoo.com,Z7dET!xw$qyM,true
38,2,Kristen Carter,PAS,87777648,"906 Blair Tunnel Suite 689 East Douglasmouth, MI 62541",+502 3075 3179,kaiserbrian@gmail.com,ix)cEhTa)ra7,true
39,1,Evelyn Bowen,PAS,94415038,"24599 Howard Parks Port Sherry, HI 83348",+502 5897 8209,briandominguez@hotmail.com,EhEJtELU7#2X,true
40,5,Daniel Hodges,CE,46832399,"89153 Dixon Expressway Apt. 105 Rogersfort, DC 87781",+502 5024 6184,melissagonzalez@abbott.info,M_Z83jQpH&8T,true
41,4,Caroline May,CE,67635272,"7737 Tommy Island Suite 739 Jamesview, MO 63416",+502 3691 5963,maria42@yahoo.com,#65$NuEiDaly,true
42,1,Patricia Palmer,CE,81240590,"50856 Gutierrez Causeway Meyerside, PA 14624",+502 3886 3768,wilsonnathan@burton.com,%^tFN$ja3zd2,true
43,3,Robin Spencer,PAS,48065493,"220 Dixon Track New Nicolestad, FL 95371",+502 5351 7903,meganwright@hotmail.com,N7iVi$Cr!PIi,true
44,5,Charles Cooley,DNI,74015679,"2944 Maria Manor South Jessicabury, PA 98821",+502 4177 7313,kjohnston@gmail.com,Vk2C8qcV*id+,true
45,2,John Mcmahon,DNI,54101388,"84065 Santos Parkways Port Anthony, MD 64060",+502 5061 8546,andrea48@taylor-davenport.net,ya68UPwk$0KO,true
46,5,Lauren Owens,DNI,84228343,"65578 Smith Manors New Paulaville, OK 48613",+502 4647 1435,zsmith@roberts.com,B*VUWKqco731,true
47,1,Heidi Hicks,DNI,87345932,"23374 John Manors New Kimberly, NM 57111",+502 5313 1660,elizabeth93@hotmail.com,_6+a!y5BX3MM,true
48,4,Aaron Whitaker,DNI,35874033,"7425 Timothy Pine West Matthew, AK 24651",+502 3460 3752,howardbrenda@vaughn-townsend.info,H@3qo0Hi$6&Q,true
49,2,Jamie Cooper,DNI,21154440,"USNV Cox FPO AA 03306",+502 5074 1120,john83@gmail.com,m6O7Uao6Q(Ew,true
50,5,Angela Cherry,PAS,49716888,"18273 Russell Drives Suite 082 Walterschester, CA 74028",+502 3472 7316,mercedesreed@yahoo.com,c@3Qs&bv0sYY,true
